<grammar version="1.0"
         xml:lang="en"
         mode="voice"
         root="words"
         xmlns="http://www.w3.org/2001/06/grammar"
         xmlns:xsi="http://www.w3.org/2001/XMLSchema-instance"
         xsi:schemaLocation="http://www.w3.org/2001/06/grammar 
                             http://www.w3.org/TR/speech-grammar/grammar.xsd"
         xml:base="http://www.example.com/base-file-path">

  <rule id="words" scope="public">
    <one-of>
      <item>up</item>
      <item>down</item>
      <item>left</item>
      <item>right</item>
    </one-of>
  </rule>
</grammar>
